cohort,childid,treat,absent,absenteeism,cgender,cage
1,411,1,5,0,0,4.29781420765
1,412,1,7,0,0,4.05464480875
1,413,1,4,0,1,4.39890710383
1,414,1,10,0,1,4.21584699454
1,416,1,10,0,1,4.04918032787
1,418,1,6,0,1,4.11202185793
1,419,1,11,0,0,4.22131147541
1,420,1,10,0,1,3.54063926941
1,422,1,4,0,1,3.36529680366
1,423,1,5,0,0,3.71857923498
1,424,0,15,0,0,4.61475409836
1,425,0,31,1,0,4.21038251366
1,426,0,3,0,1,4.69406392694
1,427,0,9,0,1,4.32786885246
1,429,1,3,0,1,4.08469945355
1,430,1,10,0,0,3.95901639345
1,431,1,40,1,0,3.85519125683
1,433,0,14,0,0,4.01639344263
1,434,0,20,1,0,4.50546448088
1,435,0,3,0,1,4.16666666667
1,436,0,0,0,1,4.74611872146
1,453,0,12,0,0,4.62841530055
1,454,0,10,0,1,4.01092896175
1,455,0,10,0,0,4.1174863388
1,457,1,12,0,1,3.94262295082
1,458,1,6,0,0,4.42076502732
1,459,1,7,0,0,4.53005464481
1,460,1,10,0,1,4.13114754099
1,461,1,2,0,1,4.14207650273
1,462,1,4,0,1,4.01092896175
1,463,1,5,0,0,3.40913242009
1,465,0,3,0,0,4.29508196722
1,466,0,10,0,0,4.05464480875
1,467,0,20,1,1,4.22677595629
1,468,0,8,0,1,4.13387978142
1,470,1,15,0,1,4.10109289618
1,471,1,6,0,0,4.51366120219
1,472,1,10,0,0,3.97540983607
1,473,1,13,0,1,3.28858447489
1,475,1,4,0,0,4.85844748859
1,477,1,13,0,1,4.84748858448
1,478,1,15,0,1,4.53551912569
1,479,1,3,0,0,4.25409836066
1,480,1,25,1,0,4.48087431694
1,481,0,21,1,0,4.62841530055
1,482,0,12,0,1,4.40163934426
1,484,0,16,0,1,4.24590163935
1,490,1,15,0,1,4.10928961749
1,492,1,10,0,1,4.60382513661
1,495,1,20,1,1,4.30054644809
1,496,0,3,0,1,4.80639269407
1,497,1,20,1,0,3.58173515982
1,498,0,10,0,1,4.77899543379
1,499,0,4,0,0,4.44535519126
1,500,0,3,0,0,4.59836065574
1,505,1,3,0,1,4.53551912569
1,506,1,3,0,0,4.52732240437
1,512,1,5,0,0,3.56255707763
1,516,1,0,0,0,4.56284153006
1,518,1,0,0,0,4.03551912569
1,519,1,30,1,0,4.2568306011
1,520,1,2,0,1,4.64207650273
1,522,1,7,0,1,4.54098360656
1,523,1,27,1,0,4.55191256831
1,525,1,23,1,1,4.07103825137
1,526,1,17,0,0,3.08310502283
1,527,1,30,1,0,3.07762557078
1,535,1,2,0,1,3.98907103825
1,536,0,5,0,0,4.28415300547
1,537,0,3,0,0,4.48907103825
1,538,0,4,0,1,4.12568306011
1,539,0,15,0,1,4.40983606558
1,540,0,15,0,0,3.96448087432
1,541,0,20,1,1,4.60109289618
1,542,0,20,1,0,2.98447488585
1,543,0,3,0,1,4.8392694064
1,544,0,5,0,1,4.38524590164
1,545,0,2,0,1,4.64207650273
1,548,0,10,0,0,4.0956284153
1,549,0,5,0,0,4.60655737705
1,552,1,25,1,1,4.88310502283
1,553,1,6,0,1,4.47814207651
1,556,1,30,1,0,4.74611872146
1,557,1,13,0,1,3.84153005465
1,558,1,3,0,1,3.8306010929
1,560,1,13,0,0,4.07103825137
1,566,0,36,1,1,4.33606557377
1,567,1,4,0,1,4.15573770492
1,568,1,5,0,1,4.56010928962
1,573,1,4,0,0,4.7296803653
1,574,0,7,0,1,4.53278688525
1,575,0,2,0,1,4.04098360656
1,577,0,6,0,1,4.41256830601
1,578,0,20,1,1,4.25409836066
1,579,0,5,0,0,4.0218579235
1,580,1,9,0,1,3.96448087432
1,582,0,6,0,0,4.01639344263
1,583,0,9,0,0,4.46174863388
1,584,0,10,0,1,4.80913242009
1,586,0,23,1,1,3.57625570777
1,587,0,5,0,0,4.74063926941
1,588,0,20,1,1,4.00546448088
1,589,0,38,1,0,4.77351598174
1,590,0,33,1,1,3.36803652968
1,591,0,41,1,0,3.38721461187
1,592,1,20,1,0,4.78447488585
1,593,1,6,0,1,4.23770491804
1,595,1,12,0,1,4.13661202186
1,596,0,7,0,1,4.31147540984
1,597,0,12,0,0,3.89890710383
1,598,0,9,0,1,4.40710382514
1,600,1,10,0,1,4.79817351598
1,601,1,24,1,0,4.65573770492
1,602,1,15,0,1,4.89406392694
1,603,1,20,1,0,4.31147540984
1,604,1,18,1,0,4.27595628416
1,605,1,1,0,1,3.59543378996
1,606,1,2,0,1,4.71050228311
1,611,0,8,0,0,4.32513661202
1,612,0,4,0,1,4.15300546448
1,613,0,20,1,1,3.96174863388
1,614,0,3,0,0,4.05191256831
1,620,1,12,0,0,4.07923497268
1,621,1,3,0,0,4.25136612022
1,623,1,6,0,1,3.50502283105
1,624,1,16,0,1,4.69406392694
1,625,0,10,0,1,3.96448087432
1,626,0,3,0,0,4.24590163935
1,627,0,5,0,1,4.63387978142
1,628,0,10,0,0,4.48087431694
1,629,1,10,0,1,4.22131147541
1,630,1,10,0,0,4.52459016394
1,631,1,5,0,0,4.65300546448
1,632,1,8,0,1,4.56010928962
1,637,0,10,0,0,4.40710382514
1,638,0,6,0,0,3.95628415301
1,639,0,7,0,1,4.20218579235
1,640,0,10,0,1,4.28961748634
1,642,1,7,0,0,3.92349726776
1,644,1,9,0,1,3.88524590164
1,653,0,8,0,1,3.98907103825
1,660,0,15,0,1,3.70218579235
1,661,0,4,0,0,4.38797814208
1,662,0,3,0,1,3.83879781421
1,663,0,7,0,1,4.50819672131
1,664,0,3,0,0,4.22677595629
1,667,1,10,0,1,4.74885844749
1,668,1,5,0,1,4.63114754099
1,669,1,3,0,0,3.0200913242
1,671,0,12,0,1,3.14337899544
1,672,0,10,0,0,3.60365296804
1,673,1,3,0,1,4.59016393443
1,674,1,16,0,1,4.26229508197
1,675,1,8,0,1,4.07923497268
1,676,1,10,0,0,4.53551912569
1,677,1,5,0,0,4.33879781421
1,678,1,27,1,0,4.19945355192
1,679,1,7,0,1,4.84200913242
1,680,1,30,1,0,4.86118721461
1,681,1,45,1,1,4.5
1,682,0,5,0,1,4.20765027323
1,683,0,20,1,0,4.43989071039
1,684,0,5,0,0,4.38797814208
1,685,0,12,0,1,4.10382513661
1,691,1,22,1,1,4.68858447489
1,692,1,21,1,0,4.50819672131
1,693,1,2,0,0,4.66393442623
1,724,0,20,1,1,4.67488584475
1,725,0,9,0,0,4.06284153006
1,726,0,15,0,0,4.01366120219
1,727,0,7,0,1,3.9262295082
1,729,1,30,1,0,4.65300546448
1,730,1,7,0,1,3.84426229508
1,731,1,10,0,1,4.59289617487
1,733,0,25,1,1,4.68036529681
1,734,0,23,1,1,3.7868852459
1,735,0,9,0,0,4.36885245902
1,736,0,20,1,1,3.45570776256
1,737,0,14,0,0,4.11202185793
1,738,0,21,1,1,4.36065573771
1,739,0,23,1,0,4.34153005465
1,740,0,17,0,1,4.09016393443
1,745,1,4,0,1,3.15159817352
1,746,1,4,0,0,3.59543378996
1,747,1,10,0,0,3.00639269407
1,749,0,7,0,0,4.44535519126
1,751,0,5,0,0,4.18852459017
1,752,0,2,0,0,4.44535519126
1,753,1,9,0,0,4.16120218579
1,754,1,6,0,1,3.88524590164
1,755,1,3,0,1,4.41803278689
1,756,1,11,0,0,4.81187214612
1,758,0,32,1,0,3.04200913242
1,759,0,10,0,1,3.13789954338
1,760,1,5,0,1,4.7598173516
1,761,1,7,0,1,4.7899543379
1,762,1,5,0,0,4.41803278689
1,763,1,14,0,0,3.68579234973
1,765,1,3,0,1,4.80639269407
1,766,0,10,0,1,4.24590163935
1,767,0,10,0,0,3.98633879782
1,768,0,5,0,1,4.57377049181
1,769,0,9,0,0,4.16939890711
1,771,0,24,1,0,4.27595628416
1,772,1,10,0,0,4.56284153006
1,774,1,4,0,1,4.11475409836
1,775,0,15,0,0,4.04098360656
1,776,0,5,0,0,3.66939890711
1,777,0,6,0,0,4.38524590164
1,779,0,10,0,1,4.31420765028
1,780,0,10,0,1,4.57650273224
1,781,1,10,0,1,4.09289617487
1,790,1,30,1,1,3.6912568306
1,791,1,19,1,0,4.40983606558
1,792,1,2,0,1,3.7131147541
1,793,1,12,0,1,4.34153005465
1,794,1,4,0,1,4.57923497268
1,795,1,5,0,0,4.50546448088
1,796,1,41,1,0,3.6200913242
1,800,0,5,0,0,3.90983606558
1,802,0,2,0,1,4.51912568306
1,804,0,3,0,1,4.62021857924
1,808,1,10,0,1,4.5
1,809,0,4,0,1,4.17213114754
1,811,1,20,1,0,4.82831050229
1,812,1,20,1,0,4.43715846995
1,813,1,10,0,0,3.86338797814
1,815,1,12,0,0,4.30601092896
1,816,1,12,0,0,3.87978142077
1,818,1,9,0,1,3.87704918033
1,822,0,29,1,1,4.41803278689
1,823,0,3,0,0,3.92349726776
1,824,0,3,0,1,3.86338797814
1,825,0,5,0,0,4.59016393443
1,828,0,10,0,1,4.19945355192
1,829,0,37,1,1,5.03652968037
1,830,0,22,1,0,5.05570776256
1,831,0,10,0,0,4.10655737705
1,832,1,15,0,0,4.06830601093
1,833,1,10,0,0,3.16803652968
1,834,1,10,0,1,3.12420091324
1,835,1,14,0,1,3.51324200913
1,840,0,8,0,1,4.2868852459
1,841,0,7,0,0,4.23224043716
1,842,0,3,0,1,3.86065573771
1,843,0,4,0,0,3.90163934426
1,844,1,10,0,0,4.37431693989
1,849,1,15,0,1,4.28142076503
1,852,1,10,0,0,4.16666666667
1,853,1,6,0,0,4.65846994536
1,854,1,4,0,0,4.46448087432
1,857,0,18,1,0,4.10109289618
1,858,0,16,0,0,4.60928961749
1,859,1,20,1,1,4.30601092896
1,860,0,30,1,1,3.77595628416
1,861,0,22,1,1,3.81693989071
1,862,1,20,1,1,4.0218579235
1,863,1,6,0,0,3.8825136612
1,864,1,8,0,0,4.01639344263
1,865,0,3,0,1,4.24316939891
1,874,0,2,0,0,4.10382513661
1,875,0,1,0,0,4.39071038252
1,876,0,5,0,1,4.58196721312
1,877,0,27,1,1,4.40710382514
1,878,0,30,1,1,4.50819672131
1,879,0,10,0,0,4.10655737705
1,880,0,26,1,0,4.55191256831
1,881,1,5,0,0,4
1,882,1,4,0,0,3.40365296804
1,888,0,13,0,1,3.58721461187
1,889,0,5,0,0,4.60655737705
1,890,0,11,0,0,3.90983606558
1,891,0,12,0,1,3.46118721461
1,892,1,20,1,0,4.4043715847
1,894,1,30,1,1,3.13515981735
1,895,1,10,0,1,2.98447488585
1,897,1,1,0,0,4.27049180328
1,898,1,5,0,0,4.25956284153
1,899,1,5,0,1,3.8825136612
1,901,0,5,0,1,4.09016393443
1,902,0,19,1,0,4.13114754099
1,903,0,14,0,0,3.78961748634
1,912,0,7,0,0,3.11598173516
1,913,0,30,1,1,3.43652968037
1,914,0,20,1,0,3.59817351598
1,915,0,17,0,1,3.16529680366
1,916,1,5,0,0,2.92146118722
1,918,1,4,0,0,3.38721461187
1,920,1,15,0,0,4.60109289618
1,922,1,15,0,1,3.93442622951
1,924,0,2,0,0,3.58721461187
1,925,0,3,0,1,4.03278688525
1,926,0,3,0,1,4.6393442623
1,927,1,8,0,0,3.60091324201
1,928,1,10,0,0,4.91598173516
1,929,0,10,0,0,4.42076502732
1,931,0,10,0,0,4.07650273224
1,932,1,8,0,1,4.2349726776
1,933,1,6,0,1,4.74337899544
1,934,1,18,1,0,4.20491803279
1,935,1,18,1,0,4.68858447489
1,936,0,2,0,0,4.22131147541
1,937,0,6,0,0,4.55737704918
1,938,1,10,0,0,3.9043715847
1,939,1,4,0,1,4.20491803279
1,940,1,4,0,0,4.58743169399
1,941,1,2,0,0,3.98907103825
1,946,1,6,0,0,4.51366120219
1,947,1,5,0,1,4.30601092896
1,948,1,30,1,0,4.12295081967
1,949,1,10,0,1,4.43169398907
1,950,1,3,0,1,4.53005464481
1,951,1,10,0,1,4.10655737705
1,952,1,0,0,0,3.97540983607
1,953,1,5,0,0,4.59836065574
1,973,0,2,0,1,3.74590163935
1,991,1,5,0,1,3.99453551913
1,994,1,4,0,0,4.14754098361
1,1000,1,7,0,1,4.09016393443
1,1001,1,17,0,0,4.50273224044
1,1002,1,20,1,1,3.70218579235
1,1003,1,22,1,0,4.77899543379
1,1004,0,20,1,1,2.99817351598
1,1009,1,8,0,1,4.46174863388
1,1010,1,3,0,1,4.61202185793
1,1011,1,4,0,0,4.52732240437
1,1012,1,4,0,0,4.60109289618
1,1014,0,9,0,1,4.60928961749
1,1017,0,5,0,0,4.75159817352
1,1019,0,16,0,1,4.34972677596
1,1020,0,3,0,0,4.43169398907
1,1022,1,3,0,0,4.69406392694
1,1023,1,6,0,0,4.32786885246
1,1024,1,8,0,1,4.53005464481
1,1025,0,10,0,0,3.72131147541
1,1026,0,13,0,1,3.4392694064
1,1028,0,13,0,1,4.69680365297
1,1029,0,10,0,1,4.51092896175
1,1030,0,6,0,1,3.29680365297
1,1031,1,13,0,0,3.93169398907
1,1032,1,5,0,0,4.74611872146
1,1033,1,4,0,1,4.07923497268
1,1035,1,3,0,0,3.52146118722
1,1037,1,10,0,0,3.16803652968
1,1038,1,5,0,1,3.23378995434
1,1041,1,30,1,1,4.10109289618
1,1042,1,35,1,0,4.51092896175
1,1043,1,5,0,0,3.90710382514
1,1044,1,15,0,1,4.65300546448
1,1045,1,16,0,1,4.28142076503
1,1046,1,10,0,0,3.96721311476
1,1047,1,8,0,0,3.96174863388
1,1048,1,8,0,0,3.9480874317
1,1050,1,7,0,1,3.21461187215
1,1052,0,19,1,1,4.26775956284
1,1053,0,20,1,1,3.98907103825
1,1054,0,5,0,0,4.1174863388
1,1055,0,8,0,0,3.84699453552
1,1056,1,4,0,1,3.67759562842
1,1057,1,41,1,0,4.45355191257
1,1062,0,11,0,1,3.63378995434
1,1063,1,11,0,0,3.94535519126
1,1064,1,14,0,1,4.15573770492
1,1068,0,10,0,0,3.36529680366
1,1070,0,12,0,0,4.36065573771
1,1071,0,10,0,1,3.30776255708
1,1076,1,15,0,1,3.9262295082
1,1077,0,21,1,0,4.48087431694
1,1078,0,17,0,1,3.8306010929
1,1079,1,5,0,0,4.18852459017
1,1089,1,5,0,0,3.96448087432
1,1092,1,6,0,1,3.90163934426
1,1093,1,10,0,0,3.36255707763
1,1094,1,10,0,1,4.55464480875
1,1097,1,9,0,1,4.66393442623
1,1098,1,7,0,0,3.84153005465
1,1099,1,5,0,0,3.46666666667
1,1100,0,10,0,1,4.5956284153
1,1101,0,25,1,0,4.08469945355
1,1108,1,15,0,0,4.16666666667
1,1109,1,5,0,1,3.97814207651
1,1110,0,8,0,0,4.23224043716
1,1111,0,9,0,1,2.94885844749
1,1112,0,9,0,1,3.34885844749
1,1113,0,5,0,0,4.3825136612
1,1116,0,13,0,0,3.95081967213
1,1117,0,8,0,1,4.60109289618
1,1118,0,11,0,0,4.66393442623
1,1119,0,17,0,1,4.19945355192
1,1120,1,41,1,1,3.60365296804
1,1121,1,15,0,0,3.77322404372
1,1122,1,10,0,0,3.32146118722
1,1123,1,34,1,1,3.0502283105
1,1124,1,24,1,0,3.93169398907
1,1125,1,18,1,1,4.13387978142
1,1126,1,39,1,1,4.7296803653
1,1127,1,34,1,0,3.57351598174
1,1133,1,30,1,0,4.59289617487
1,1134,0,28,1,1,4.13114754099
1,1135,0,41,1,1,3.24748858448
1,1137,0,41,1,1,4.79817351598
1,1146,0,8,0,0,4.09289617487
1,1147,1,10,0,0,4.63387978142
1,1148,1,30,1,0,4.38797814208
1,1149,1,8,0,1,4.35519125683
1,1150,1,10,0,1,4.2349726776
1,1152,0,12,0,1,3.45570776256
1,1154,0,9,0,0,4.39617486339
1,1155,0,7,0,1,4.07650273224
1,1156,0,8,0,1,4.65300546448
1,1162,1,8,0,1,4.05737704918
1,1164,1,4,0,1,3.69672131148
1,1165,1,4,0,0,4.59016393443
1,1166,1,12,0,0,4.09836065574
1,1167,1,3,0,1,3.87431693989
1,1169,1,10,0,0,4.42076502732
1,1172,1,9,0,0,4.73242009133
1,1173,1,3,0,1,4.1174863388
1,1174,0,10,0,0,3.40639269407
1,1175,0,41,1,1,4.37431693989
1,1176,0,41,1,1,3.94535519126
1,1177,0,10,0,1,4.36065573771
1,1178,0,4,0,0,4.66120218579
1,1179,1,10,0,1,3.45570776256
1,1180,1,15,0,0,3.90710382514
1,1181,1,22,1,0,3.3899543379
1,1183,1,10,0,0,4.26229508197
1,1185,1,30,1,1,4.1393442623
1,1186,1,10,0,0,4.41256830601
1,1187,0,13,0,0,4.82557077626
1,1188,0,33,1,1,4.17213114754
1,1189,0,8,0,1,4.88858447489
1,1190,0,0,0,0,4.53825136612
1,1191,0,0,0,0,4.24590163935
1,1192,0,0,0,1,4.19398907104
1,1205,0,19,1,1,4.4480874317
1,1206,0,8,0,1,4.37158469946
1,1207,0,38,1,0,4.33879781421
1,1208,0,34,1,1,4.49453551913
1,1210,1,21,1,0,3.75136612022
1,1211,1,24,1,0,4.26775956284
1,1212,1,10,0,1,4.59016393443
1,1227,1,5,0,0,4.5956284153
1,1229,1,15,0,1,4.16939890711
1,1230,1,5,0,0,4.18852459017
1,1231,1,20,1,0,3.94262295082
1,1232,1,3,0,1,4.59016393443
1,1276,0,12,0,1,4.35519125683
1,1277,1,20,1,0,4.77351598174
1,1278,0,5,0,1,4.04644808743
1,1279,1,2,0,0,4.18852459017
1,1326,1,5,0,1,3.84153005465
1,1328,1,4,0,1,4.28415300547
1,1373,1,14,0,1,3.50228310503
1,1390,1,21,1,0,4.25409836066
1,1411,1,10,0,0,4.80365296804
1,1419,1,4,0,1,4.18032786885
1,1426,0,6,0,0,3.62283105023
1,1432,1,7,0,1,3.82786885246
1,1448,1,4,0,0,3.10502283105
1,1463,1,1,0,0,3.7131147541
1,1474,1,7,0,1,4.21857923498
1,1475,1,9,0,1,3.86885245902
1,1477,1,5,0,0,4.16666666667
1,1496,1,12,0,0,4.54644808743
1,1521,0,6,0,1,4.24590163935
1,1530,1,4,0,0,4.23770491804
1,1534,1,3,0,0,4.89680365297
1,1605,1,15,0,1,3.63105022831
1,1618,1,20,1,1,4.74611872146
1,1624,0,10,0,0,3.78415300547
1,1635,0,0,0,1,4.22950819672
1,1642,0,10,0,1,3.65296803653
1,1643,0,14,0,1,4.28415300547
1,1644,0,5,0,1,4.50273224044
1,1657,1,15,0,0,3.84699453552
1,1713,1,25,1,1,4.47814207651
1,1714,1,12,0,1,3.89344262295
1,1715,1,8,0,0,4.43715846995
1,1716,1,2,0,0,4.33606557377
1,1732,1,5,0,1,4.27595628416
1,1839,1,5,0,0,4.14480874317
1,1840,1,5,0,0,4.61475409836
1,1870,1,3,0,1,3.40913242009
1,1871,0,15,0,0,3.04200913242
1,1873,1,5,0,0,3.59817351598
1,1875,1,6,0,1,4.29508196722
1,1898,1,10,0,1,3.39817351598
1,1899,0,18,1,0,3.9262295082
1,1901,1,4,0,0,4.38524590164
1,1912,1,4,0,1,4.43169398907
1,1913,1,20,1,1,3.61461187215
1,1914,1,9,0,0,4.5
1,1915,1,4,0,0,4.48360655738
1,1916,0,20,1,1,4.44535519126
1,1934,1,10,0,1,4.02459016394
1,1940,1,14,0,1,4.48087431694
1,1962,0,4,0,0,3.82240437159
1,2028,1,3,0,0,3.39269406393
1,2039,1,6,0,0,2.85296803653
1,2080,1,10,0,1,4.54918032787
1,2113,0,10,0,0,4.88310502283
1,2144,0,18,1,1,4.16939890711
1,2147,1,21,1,1,3.97814207651
1,2156,0,2,0,0,4.65300546448
1,2162,0,16,0,0,3.80601092896
1,2238,1,10,0,0,4.24316939891
1,2278,1,19,1,1,4.10109289618
1,2300,1,0,0,1,4.16666666667
1,2346,0,45,1,0,3.91803278689
1,2379,1,10,0,0,3.52146118722
1,2381,1,8,0,0,4.15573770492
1,2382,1,10,0,0,3.74590163935
1,2383,1,14,0,1,3.98633879782
1,2384,1,8,0,1,4.4262295082
1,2426,1,13,0,1,3.93169398907
1,2528,1,3,0,1,4.53825136612
1,2579,0,70,1,1,4.55464480875
2,2713,0,8,0,0,4.13424657534
2,2714,0,14,0,1,4.2794520548
2,2715,0,3,0,1,4.85701025526
2,2716,1,4,0,0,4.65479452055
2,2717,1,7,0,0,3.66301369863
2,2718,1,2,0,0,4.15068493151
2,2719,1,20,1,0,4.17808219178
2,2720,1,14,0,1,4.15616438356
2,2721,1,0,0,1,4.28493150685
2,2722,1,6,0,1,4.81329440827
2,2723,1,7,0,1,4.81056216783
2,2731,1,2,0,1,4.4
2,2732,1,2,0,0,4.84334905308
2,2733,1,13,0,0,4.49041095891
2,2734,1,22,1,1,4.15342465754
2,2736,0,14,0,1,4.46575342466
2,2737,0,12,0,0,4.21095890411
2,2738,0,36,1,0,4.67395014597
2,2739,0,10,0,0,4.59726027398
2,2740,1,12,0,1,4.13698630137
2,2741,1,15,0,1,4.50410958904
2,2742,1,14,0,0,4.35068493151
2,2743,1,14,0,0,4.01917808219
2,2744,1,10,0,0,4.17260273973
2,2745,1,26,1,1,4.59452054795
2,2747,1,2,0,0,4.3397260274
2,2748,1,5,0,0,4.45205479452
2,2750,1,3,0,1,4.82695561045
2,2754,1,5,0,1,4.87613593832
2,2756,1,10,0,1,3.69863013699
2,2757,1,10,0,0,4.34794520548
2,2769,0,5,0,1,4.74772063777
2,2770,0,20,1,1,4.7422561569
2,2771,0,2,0,0,4.4301369863
2,2781,1,4,0,1,4.61369863014
2,2782,1,9,0,0,4.6684856651
2,2783,1,4,0,1,3.67123287671
2,2784,1,6,0,0,4.13150684932
2,2785,0,11,0,1,4.40547945206
2,2786,0,9,0,1,3.86301369863
2,2787,0,2,0,0,3.94794520548
2,2788,0,9,0,0,4.5698630137
2,2789,0,3,0,1,4.63835616439
2,2791,0,15,0,0,3.87397260274
2,2792,0,1,0,1,4.68487910772
2,2797,0,7,0,0,4.13150684932
2,2798,0,8,0,1,4.70946927165
2,2799,0,3,0,1,4.54520547945
2,2801,1,3,0,1,4.82422337002
2,2802,1,6,0,0,4.83515233176
2,2803,1,0,0,0,4.8597424957
2,2805,0,22,1,1,4.39726027398
2,2807,1,6,0,1,3.53698630137
2,2808,1,10,0,0,4.32602739726
2,2811,1,15,0,0,3.95616438356
2,2812,1,10,0,1,4.80236544652
2,2813,1,10,0,0,3.97808219178
2,2814,1,15,0,1,3.5397260274
2,2815,1,10,0,1,3.1698630137
2,2816,1,15,0,0,4.59178082192
2,2817,1,8,0,0,4.21095890411
2,2818,1,10,0,1,3.96164383562
2,2820,0,7,0,0,4.41917808219
2,2834,1,5,0,1,3.7095890411
2,2835,1,7,0,0,3.97534246576
2,2865,0,5,0,1,4.00273972603
2,2866,0,5,0,0,4.07397260274
2,2867,0,10,0,0,4.70673703122
2,2872,1,4,0,1,4.38356164384
2,2873,1,2,0,1,4.17260273973
2,2874,1,1,0,0,4.22191780822
2,2875,1,3,0,0,4.04109589041
2,2876,1,5,0,0,4.56164383562
2,2877,1,8,0,0,4.37260273973
2,2878,1,4,0,1,4.43561643836
2,2879,1,10,0,1,4.09041095891
2,2880,1,5,0,1,4.33424657534
2,2881,1,6,0,1,4.11780821918
2,2882,1,10,0,0,4.37808219178
2,2883,1,7,0,0,4.80509768696
2,2884,0,2,0,0,3.28219178082
2,2894,0,3,0,1,4.50410958904
2,2895,0,14,0,1,4.4301369863
2,2896,0,11,0,0,3.68767123288
2,2897,0,6,0,0,4.74772063777
2,2907,1,11,0,0,4.87340369788
2,2909,1,15,0,1,4.71493375253
2,2910,1,10,0,1,4.51506849315
2,2911,1,5,0,0,4.70673703122
2,2912,1,7,0,0,4.62739726028
2,2913,1,11,0,1,4.30684931507
2,2914,1,5,0,0,4.50410958904
2,2919,1,4,0,0,3.79452054795
2,2929,0,10,0,1,4.94170970881
2,2934,0,2,0,1,4.90892282357
2,2963,0,4,0,0,4.05753424658
2,2980,0,11,0,0,4.34794520548
2,2982,0,8,0,0,4.65479452055
2,2983,0,8,0,1,4.56438356165
2,2984,0,13,0,1,4.32876712329
2,2994,0,10,0,1,3.18904109589
2,2995,0,15,0,1,4.75318511865
2,2996,0,35,1,0,3.78082191781
2,2997,0,11,0,1,4.05479452055
2,2998,0,9,0,1,4.39452054795
2,3001,0,5,0,0,4.32602739726
2,3003,0,8,0,0,4.35890410959
2,3011,1,24,1,1,3.93424657534
2,3012,1,16,0,1,4.3095890411
2,3013,1,9,0,0,4.5397260274
2,3014,1,27,1,0,3.15616438356
2,3015,0,9,0,1,4.04383561644
2,3016,0,10,0,1,4.02739726028
2,3017,0,20,1,1,4.05753424658
2,3018,0,20,1,1,3.22191780822
2,3019,0,10,0,0,4.23561643836
2,3021,0,8,0,0,4.41095890411
2,3022,0,20,1,0,4.6493150685
2,3030,0,26,1,0,3.9095890411
2,3031,0,0,0,0,4.71220151209
2,3032,0,14,0,1,3.57260273973
2,3033,0,15,0,1,3.51506849315
2,3034,0,6,0,1,4.8597424957
2,3036,0,4,0,0,4.81056216783
2,3037,0,5,0,0,4.37534246576
2,3045,1,41,1,1,3.06575342466
2,3046,1,5,0,0,3.15342465754
2,3047,0,3,0,0,3.73150684932
2,3048,0,2,0,0,3.65479452055
2,3051,0,10,0,0,4.7641140804
2,3052,0,20,1,0,3.98630136987
2,3053,0,5,0,1,4.38356164384
2,3054,0,12,0,1,3.92876712329
2,3057,1,12,0,1,4.34520547945
2,3058,1,7,0,1,4.68214686728
2,3059,1,6,0,0,4.24383561644
2,3060,1,9,0,0,4.57534246576
2,3061,1,5,0,1,4.51780821918
2,3062,1,5,0,1,4.80509768696
2,3063,1,6,0,0,4.21369863014
2,3064,1,11,0,1,3.4493150685
2,3065,1,6,0,0,4.77777528258
2,3066,1,8,0,1,3.31506849315
2,3067,1,12,0,0,3.29863013699
2,3068,1,8,0,0,3.56164383562
2,3109,1,6,0,1,4.52876712329
2,3119,0,4,0,0,4.67668238641
2,3121,1,12,0,0,4.57534246576
2,3128,1,6,0,1,4.36438356165
2,3130,1,12,0,0,4.34794520548
2,3132,1,41,1,0,4.11232876713
2,3133,1,9,0,1,4.09863013699
2,3136,1,12,0,1,4.76684632083
2,3139,0,6,0,1,4.59452054795
2,3140,0,3,0,0,4.67941462685
2,3141,0,5,0,0,4.18904109589
2,3148,0,5,0,0,5.09744741373
2,3149,1,15,0,1,4.50684931507
2,3150,1,20,1,1,4.03561643836
2,3151,1,28,1,0,4.69580806947
2,3152,1,10,0,0,4.26849315069
2,3155,1,20,1,1,3.28493150685
2,3156,1,10,0,0,3.23561643836
2,3163,0,5,0,0,3.25205479452
2,3166,1,20,1,1,3.67123287671
2,3167,1,12,0,0,4.64383561644
2,3168,1,8,0,1,4.46849315069
2,3182,0,15,0,0,4.2493150685
2,3189,0,4,0,1,3.52602739726
2,3197,1,12,0,1,4.13424657534
2,3198,1,8,0,0,3.90136986302
2,3199,1,6,0,0,3.86849315069
2,3200,1,14,0,1,3.61095890411
2,3210,0,21,1,1,4.5397260274
2,3212,0,13,0,0,4.8597424957
2,3218,1,5,0,1,4.20821917808
2,3219,0,6,0,1,4.09863013699
2,3221,0,9,0,0,4.15342465754
2,3227,0,8,0,0,4.69854030991
2,3229,0,10,0,1,4.73679167603
2,3238,1,2,0,1,3.84657534247
2,3239,1,5,0,0,4.69580806947
2,3245,1,3,0,1,3.07397260274
2,3246,1,3,0,1,4.79690096564
2,3247,1,6,0,1,4.03835616439
2,3248,1,10,0,1,4.61369863014
2,3249,1,6,0,0,4.77231080171
2,3250,1,7,0,0,4.31506849315
2,3286,0,18,1,1,4.63561643836
2,3287,0,20,1,1,3.41917808219
2,3288,0,2,0,0,4.2
2,3291,0,9,0,0,4.24657534247
2,3300,1,26,1,1,4.59452054795
2,3301,1,9,0,1,4.29041095891
2,3302,1,12,0,0,4.78323976346
2,3327,1,3,0,1,4.8378845722
2,3329,1,4,0,0,4.77504304215
2,3330,1,4,0,0,4.08767123288
2,3332,1,4,0,0,4.12876712329
2,3334,0,23,1,0,4.11780821918
2,3336,0,28,1,1,4.30410958904
2,3417,0,4,0,0,4.76957856127
2,3418,0,12,0,1,4.08767123288
2,3419,0,7,0,1,3.34794520548
2,3420,0,6,0,0,3.8794520548
2,3440,0,2,0,1,3.82739726028
2,3441,0,5,0,0,4.46027397261
2,3459,1,4,0,1,3.8794520548
2,3460,1,5,0,0,4.25205479452
2,3461,1,25,1,1,4.1095890411
2,3462,1,5,0,1,4.78870424433
2,3469,0,4,0,1,4.07397260274
2,3470,0,4,0,0,4.33424657534
2,3486,1,3,0,1,4.40821917808
2,3489,1,2,0,0,4.91711954488
2,3490,1,3,0,0,4.21095890411
2,3492,1,6,0,1,4.94170970881
2,3494,0,21,1,1,4.70946927165
2,3496,0,7,0,1,3.61917808219
2,3505,1,26,1,1,4.39178082192
2,3506,1,17,0,1,4.39452054795
2,3507,1,15,0,0,4.35616438356
2,3508,1,17,0,0,4.75318511865
2,3511,1,4,0,0,4.20821917808
2,3512,1,3,0,1,4.75045287821
2,3513,1,5,0,0,4.02739726028
2,3514,1,9,0,1,4.42739726028
2,3532,0,11,0,1,4.46027397261
2,3534,0,16,0,0,3.6301369863
2,3559,1,9,0,1,3.62739726028
2,3560,1,2,0,1,4.35342465754
2,3561,1,4,0,0,4.42739726028
2,3563,0,7,0,1,4.23835616439
2,3564,0,9,0,0,4.29863013699
2,3566,0,5,0,0,4.19178082192
2,3567,0,7,0,0,4.12328767124
2,3572,1,5,0,1,4.65753424658
2,3574,1,5,0,1,4.39178082192
2,3576,1,5,0,0,4.6
2,3578,1,8,0,0,4.0301369863
2,3590,1,32,1,1,4.58630136987
2,3591,1,19,1,1,4.52602739726
2,3592,1,25,1,0,4.77231080171
2,3594,1,14,0,0,4.33698630137
2,3616,1,2,0,1,4.09041095891
2,3617,1,4,0,1,4.35068493151
2,3618,1,0,0,0,4.06575342466
2,3619,1,21,1,0,4.75591735909
2,3620,1,3,0,1,4.2
2,3621,1,10,0,1,4.43287671233
2,3622,1,16,0,0,4.11232876713
2,3623,1,27,1,0,4.29041095891
2,3624,1,10,0,1,4.60821917808
2,3625,1,8,0,1,4.62465753425
2,3626,1,20,1,0,4.0301369863
2,3627,1,6,0,0,4.10410958904
2,3629,0,5,0,1,4.21643835617
2,3631,0,10,0,0,4.1397260274
2,3632,0,5,0,0,4.44657534247
2,3633,0,5,0,1,4.16438356165
2,3643,0,10,0,0,4.21369863014
2,3645,0,8,0,0,3.75342465754
2,3647,0,14,0,1,4.64109589041
2,3650,0,8,0,1,3.4794520548
2,3687,0,35,1,0,4.49863013699
2,3689,0,12,0,0,4.43835616439
2,3728,0,5,0,1,4.67121790553
2,3729,0,5,0,0,4.67121790553
2,3731,0,10,0,0,4.18904109589
2,3732,1,5,0,0,4.60547945206
2,3733,1,5,0,1,4.44657534247
2,3734,1,4,0,1,4.68761134816
2,3735,1,6,0,0,4.44657534247
2,3736,0,4,0,0,4.53150684932
2,3737,0,5,0,1,4.06575342466
2,3738,0,41,1,1,4.4301369863
2,3740,0,18,1,1,4.02191780822
2,3741,0,4,0,1,4.06301369863
2,3742,0,17,0,0,4.03835616439
2,3743,0,15,0,0,4
2,3761,1,15,0,1,4.75318511865
2,3762,1,19,1,1,4.82695561045
2,3763,1,22,1,0,3.83561643836
2,3764,1,14,0,0,3.8301369863
2,3771,1,7,0,1,3.50684931507
2,3781,0,7,0,0,4.7422561569
2,3782,0,7,0,1,4.38630136987
2,3800,1,5,0,0,4.82422337002
2,3804,0,4,0,1,4.5095890411
2,3806,0,7,0,0,4.42191780822
2,3807,0,9,0,1,4.3095890411
2,3810,0,20,1,0,4.63561643836
2,3812,0,1,0,1,4.32054794521
2,3813,0,1,0,1,4.26027397261
2,3814,0,9,0,0,4.38356164384
2,3815,0,9,0,0,4.1095890411
2,3827,1,20,1,1,4.2493150685
2,3829,1,26,1,1,4.12602739726
2,3832,1,10,0,1,3.96164383562
2,3833,1,7,0,1,3.87397260274
2,3834,1,8,0,0,4.77231080171
2,3835,1,12,0,0,3.94520547945
2,3836,1,4,0,1,4.46849315069
2,3837,1,4,0,1,4.58356164384
2,3838,1,25,1,0,3.88767123288
2,3839,1,10,0,0,4.79143648477
2,3840,0,13,0,0,4.61643835617
2,3841,0,5,0,0,4.59726027398
2,3842,0,24,1,1,4.38082191781
2,3843,0,6,0,1,4.41917808219
2,3853,1,5,0,1,4.73405943559
2,3854,1,4,0,1,4.61643835617
2,3855,1,10,0,0,4.2493150685
2,3856,1,2,0,0,4.01095890411
2,3861,0,10,0,0,3.00821917808
2,3863,0,11,0,0,4.35342465754
2,3865,1,12,0,1,3.69041095891
2,3866,1,13,0,0,3.94794520548
2,3870,0,9,0,0,3.57808219178
2,3871,1,6,0,0,4.51780821918
2,3872,1,3,0,1,4.51780821918
2,3873,1,10,0,1,4.31506849315
2,3874,1,5,0,0,4.38082191781
2,3893,0,14,0,0,4.6
2,3895,0,7,0,1,4.14520547945
2,3896,0,6,0,1,3.91232876713
2,3897,1,20,1,1,4.13424657534
2,3898,1,7,0,0,3.78630136987
2,3900,0,3,0,0,4.6493150685
2,3908,1,10,0,1,4.67395014597
2,3911,1,8,0,0,4.42739726028
2,3965,0,5,0,1,4.47397260274
2,3966,0,6,0,1,4.64657534247
2,3967,0,10,0,0,4.61095890411
2,3968,0,20,1,0,4.39178082192
2,3975,0,13,0,0,3.54520547945
2,3977,0,19,1,1,3.46027397261
2,3978,0,23,1,1,3.51780821918
2,3979,0,11,0,0,3.54794520548
2,4033,0,10,0,1,4.65479452055
2,4034,0,10,0,1,4.04109589041
2,4035,0,15,0,0,4.35342465754
2,4036,0,17,0,0,4.46575342466
2,4054,0,22,1,1,4.34246575343
2,4055,0,14,0,1,4.08493150685
2,4056,0,11,0,0,4.13698630137
2,4057,0,9,0,0,4.58630136987
2,4082,1,5,0,0,4.06575342466
2,4083,1,8,0,0,4.09589041096
2,4084,1,15,0,1,4.16438356165
2,4085,1,6,0,1,4.67668238641
2,4096,0,7,0,1,3.69315068493
2,4097,0,5,0,1,3.91232876713
2,4099,0,13,0,0,3.62191780822
2,4105,0,20,1,0,3.63287671233
2,4110,1,20,1,1,4.39452054795
2,4111,0,6,0,1,4.4301369863
2,4112,0,6,0,0,4.46849315069
2,4113,0,20,1,1,4.55068493151
2,4114,0,13,0,0,4.09041095891
2,4151,0,13,0,1,4.02191780822
2,4152,0,6,0,1,4.14520547945
2,4153,0,3,0,1,4.82422337002
2,4154,0,3,0,0,4.88433265963
2,4169,1,5,0,1,4.1397260274
2,4170,1,9,0,1,4.69034358859
2,4171,1,13,0,0,4.61643835617
2,4172,1,6,0,0,4.12602739726
2,4180,1,3,0,0,2.97808219178
2,4182,1,2,0,0,4.58356164384
2,4183,1,2,0,1,4.38630136987
2,4203,0,41,1,0,4.13698630137
2,4224,0,41,1,1,3.7397260274
2,4225,0,5,0,0,3.48767123288
2,4226,0,12,0,0,3.98904109589
2,4261,0,21,1,1,3.4794520548
2,4306,0,7,0,1,4.72586271428
2,4307,0,5,0,0,4.46849315069
2,4308,0,10,0,0,4.66301369863
2,4316,1,13,0,0,3.17260273973
2,4317,1,5,0,1,3.31506849315
2,4318,1,17,0,1,3.53698630137
2,4320,0,8,0,0,4.6301369863
2,4321,0,12,0,1,4.69854030991
2,4322,0,9,0,1,4.11780821918
2,4361,0,7,0,1,3.18082191781
2,4362,0,5,0,0,4.21369863014
2,4363,0,10,0,1,4.01917808219
2,4364,0,6,0,0,4.17260273973
2,4394,0,22,1,0,4.05479452055
2,4535,1,24,1,1,3.3397260274
2,4545,1,8,0,0,3.85205479452
2,4546,1,4,0,1,2.7698630137
2,4547,1,7,0,0,4.02191780822
2,4548,1,3,0,0,4.45753424658
2,4655,1,7,0,1,3.30136986302
2,4786,1,8,0,1,4.84061681264
2,4787,1,15,0,1,4.77231080171
2,4788,1,13,0,0,4.10136986302
2,4808,1,6,0,1,4.17808219178
2,4810,1,18,1,1,4.35616438356
2,4811,1,5,0,1,4.20821917808
2,4816,0,9,0,1,4.64383561644
2,4817,0,4,0,0,4.97996107493
2,4818,0,9,0,0,4.54246575343
2,4819,0,5,0,1,3.86849315069
2,4823,0,10,0,0,4.48767123288
2,4824,0,12,0,0,4.2
2,4825,0,20,1,1,4.61369863014
2,4827,1,17,0,1,4.11232876713
2,4828,1,10,0,0,4.03835616439
2,4829,1,10,0,1,4.67395014597
2,4841,1,11,0,1,4.32054794521
2,4842,1,8,0,1,4.99635451756
2,4843,1,9,0,0,3.9698630137
2,4844,1,9,0,0,4.74498839734
2,4868,0,65,1,1,4.29041095891
2,4890,1,10,0,0,3.33424657534
2,4913,1,8,0,1,4.18082191781
2,5139,1,10,0,1,3.65753424658
2,5140,1,10,0,0,3.84657534247
2,5141,1,5,0,0,4.84881353395
2,5152,1,12,0,0,4.62465753425
2,5209,0,8,0,0,3.34794520548
